{
  "Молокова": {
    "square_coor": [
      [56.041892, 56.041327, 92.917391, 92.920333],
      [56.043629, 56.043792, 92.901435, 92.906446],
      [56.043792, 56.038888, 92.906446, 92.904929],
      [56.037501, 56.035833, 92.909164, 92.912754],
      [56.039743, 56.040173, 92.906849, 92.911284]
    ],
    "point_1": "парк имени 400-летия на десткой площадке",
    "time_1": "15",
    "coor_1": "56.040239, 92.920635",
    "zone_1": "Молокова",
    "time_2": "15",
    "point_2": "150 школе",
    "zone_2": "Алексеева 33",
    "coor_2": "56.043017, 92.903717",
    "point_3": "Батурина, 15",
    "time_3": "15",
    "point_4": "Весны, 6",
    "time_4": "10",
    "zone_5": "Весны",
    "time_5": "10"
  },
  "Центр": {

  }
}