{
  "bot_police": {
    "num_block": 0,
    "text": "",
    "isActive": false
  },
  "bot_talks": {
    "num_block": 0,
    "text": "",
    "isActive": false
  },
  "bot_criminalist": {
    "num_block": 0,
    "isActive": false,
    "text": ""
  },
  "bot_fortuneteller": {
    "num_block": 0,
    "isActive": false,
    "text": ""
  },
  "bot_anonym": {
    "num_block": 0,
    "isActive": false,
    "text": ""
  },
  "bot_connect": {
    "num_block": 0,
    "isActive": false,
    "text": ""
  }
}